,bcf,compressed,sample_size,uncompressed,vcf
0,0.0005568563938140869,0.00589118804782629,10,0.013672608882188797,0.005171332508325577
1,0.002400835044682026,0.013637613505125046,100,0.02883194014430046,0.044040752574801445
2,0.0193660669028759,0.021902850829064846,1000,0.04438455030322075,0.5670534810051322
3,0.20246404595673084,0.030600719153881073,10000,0.06088406965136528,7.287068124860525
4,1.9054338289424777,0.04102934990078211,100000,0.0858137272298336,89.53397552575916
5,18.814874043688178,0.06726301182061434,1000000,0.19622259959578514,1072.5744288638234
6,0.0,0.24051990546286106,10000000,1.1511172018945217,0.0
