,bcf,compressed,sample_size,uncompressed,vcf
0,0.000554998405277729,0.006325753405690193,10,0.008683464489877224,0.0051720598712563515
1,0.00241827592253685,0.015211546793580055,100,0.01940112840384245,0.04429729003459215
2,0.019455771893262863,0.024861933663487434,1000,0.030283506028354168,0.5687714107334614
3,0.2035687556490302,0.03468925505876541,10000,0.04202539473772049,7.309918222017586
4,1.9207554124295712,0.04795753210783005,100000,0.059173659421503544,90.12377406004816
5,18.866680903360248,0.08061839547008276,1000000,0.13198973517864943,1076.3556534200907
6,0.0,0.3048240691423416,10000000,0.7659340044483542,0.0
